,city names,cloudiness,geo,humidity,pressure,temp,windiness
0,punta arenas,40,"[-70.37215069110121, -99.21239370784828]",100,997,37.129999999999995,8
1,khatanga,64,"[74.90233209187335, 104.00984267501087]",100,1011,33.52999999999997,2
2,mizdah,92,"[30.72842411027986, 13.390053532225295]",41,969,71.32999999999998,2
3,east london,24,"[-83.66547306132904, 56.28561594389757]",100,1023,67.72999999999996,5
4,yuxia,0,"[33.630854514249734, 108.64471602799591]",45,1025,65.93,1
5,cherskiy,56,"[73.81297952053174, 158.5338024369039]",68,999,42.52999999999997,1
6,nanortalik,44,"[58.71147022500463, -40.64629994733255]",98,1022,33.52999999999997,0
7,aden,0,"[12.846715613729174, 46.626451066398886]",100,1024,80.32999999999998,6
8,ushuaia,40,"[-72.83883168798236, -80.18163797573563]",80,992,35.329999999999984,7
9,clyde river,90,"[70.79542495673749, -65.84627264820601]",92,1008,24.529999999999973,5
10,baruun-urt,0,"[45.478221110964995, 114.05251408113674]",42,912,56.93000000000001,3
11,hilo,90,"[11.446371848717348, -147.43017032425004]",62,1014,74.93,2
12,busselton,12,"[-37.11567833572379, 115.04038961877234]",93,1034,62.329999999999984,7
13,marystown,0,"[44.59309800845338, -54.53011048282322]",100,1030,44.329999999999984,6
14,vaini,75,"[-69.69389610696896, -175.01334970742735]",57,1018,76.72999999999996,5
15,geraldton,0,"[-34.45045239162231, 89.29657874807964]",53,1017,71.32999999999998,3
16,bluff,0,"[-85.13016004888915, 154.54716789579402]",100,1032,47.93000000000001,6
17,luderitz,0,"[-26.837327369996544, 11.101733985530615]",75,1015,56.93000000000001,9
18,rikitea,88,"[-30.08847949786029, -129.8501058620404]",100,1032,69.53000000000003,5
19,hermanus,92,"[-81.1235972584418, -2.279531627783143]",96,996,53.329999999999984,2
20,tasiilaq,0,"[84.62512309958097, -38.769788528178736]",100,1008,31.72999999999996,1
21,christchurch,68,"[-51.41984126438538, 179.06250015299457]",67,1016,58.72999999999996,3
22,kaihua,8,"[23.74137206757429, 104.47222922061462]",57,986,69.53000000000003,1
23,alyangula,0,"[-17.08711408695376, 137.66634880431286]",82,1027,82.12999999999994,8
24,ritchie,24,"[-29.680103640235686, 24.257169616254572]",32,1020,65.93,4
25,te anau,92,"[-40.689559325856706, 161.93879697753215]",100,967,42.52999999999997,1
26,provideniya,90,"[45.63258406291371, -175.03694707867163]",87,1000,51.52999999999997,3
27,sydney,0,"[-33.47116845724754, 151.54682174998288]",37,1025,73.12999999999994,7
28,atuona,0,"[-0.8647823700789132, -142.90947744812564]",100,1026,78.53000000000003,5
29,port lincoln,36,"[-40.808608599224954, 134.3688776792821]",83,1025,65.93,1
30,bredasdorp,36,"[-79.17425037394226, 22.476822606375293]",82,1020,55.12999999999994,3
31,acapulco,75,"[13.793405215438497, -101.11735976504197]",78,1010,80.32999999999998,1
32,avarua,40,"[-28.364083369139898, -159.56465513452125]",53,1019,73.12999999999994,4
33,port elizabeth,40,"[-50.112153599700456, 29.612370532085976]",87,1014,60.53000000000003,8
34,port alfred,64,"[-53.09251617294944, 32.93568052985853]",100,1020,62.329999999999984,5
35,nyrob,92,"[61.61290820939803, 56.47387600694728]",95,1002,42.52999999999997,4
36,san cristobal,80,"[0.9068514667689129, -88.02091604830139]",99,860,60.53000000000003,0
37,bitkine,32,"[12.389874586576326, 17.97478681235043]",80,974,73.12999999999994,1
38,torbay,40,"[45.06743500206312, -47.27842886124702]",100,1021,46.129999999999995,5
39,tuktoyaktuk,75,"[84.38948562929272, -121.04030168860018]",86,1028,28.129999999999995,3
40,bam,0,"[28.926299150949845, 58.324650493432955]",26,890,53.329999999999984,2
41,hobart,40,"[-70.58327668538269, 143.596636105732]",55,1023,62.329999999999984,4
42,puerto ayora,8,"[-22.272687274977713, -105.20512130514018]",100,1017,69.53000000000003,5
43,georgetown,75,"[-7.83868513426215, -15.660384805879204]",78,1015,74.93,6
44,leningradskiy,80,"[68.29586920600823, 176.65187899088767]",89,1008,40.72999999999996,6
45,mar del plata,80,"[-56.53328009502499, -44.59517485317363]",52,997,44.329999999999984,6
46,barrow,1,"[75.87793581115037, -152.25687149092568]",76,1019,74.93,2
47,oussouye,0,"[11.246010703046679, -19.812936206236202]",100,1023,80.32999999999998,3
48,arraial do cabo,92,"[-38.958959444711724, -29.63636278035878]",95,1027,73.12999999999994,1
49,souillac,75,"[-52.39040820354552, 73.0732491462397]",78,1020,71.32999999999998,5
50,inhambane,0,"[-25.66190789841623, 37.41941672428953]",100,1027,65.93,3
51,angoche,8,"[-18.971973479364706, 40.21035458491937]",100,1030,74.93,2
52,severo-kurilsk,48,"[43.492449004787744, 160.48879282691757]",96,994,46.129999999999995,7
53,nadym,0,"[65.39575431273863, 71.72195933919991]",85,1016,24.529999999999973,1
54,kaeo,88,"[-27.875047291030633, 175.51045408115255]",84,1023,58.72999999999996,2
55,kati,20,"[13.146654088208862, -8.16359655616526]",94,1013,73.12999999999994,1
56,chokurdakh,76,"[77.72170075042183, 143.05450502327386]",95,1002,35.329999999999984,6
57,yellowknife,40,"[71.6661523528364, -113.53550282980058]",63,1019,29.930000000000007,4
58,katsuura,75,"[27.191111692950642, 148.45594724299912]",64,1016,67.72999999999996,2
59,salalah,0,"[12.682745688985023, 57.90965708751699]",78,1012,71.32999999999998,2
60,kapaa,40,"[38.62144073192232, -162.18349581999843]",79,1014,82.12999999999994,4
61,ponta do sol,75,"[34.90745552154061, -19.15125024470572]",73,1020,71.32999999999998,6
62,kavaratti,48,"[8.092491832262652, 66.37858321880734]",100,1022,80.32999999999998,0
63,barcelos,0,"[-1.2678486879928244, -61.36082913072897]",73,1016,82.12999999999994,2
64,namatanai,20,"[4.363010771350602, 157.12484753326783]",90,1015,85.72999999999996,2
65,cape town,40,"[-59.70578081645832, 2.1886672240189284]",82,1022,55.12999999999994,3
66,mahebourg,75,"[-54.969115972053245, 79.2033238292122]",78,1020,71.32999999999998,5
67,wasilla,1,"[63.423413604944926, -151.25029773387774]",74,1017,49.72999999999996,0
68,rocha,0,"[-35.19904104128857, -53.28130854109857]",85,1015,38.93000000000001,1
69,waiouru,32,"[-39.35600252808264, 175.4766778390749]",73,944,49.72999999999996,5
70,ribeira grande,56,"[35.823031772145185, -37.621022913540685]",95,1030,73.12999999999994,8
71,butaritari,76,"[9.587598246475721, 165.7122028121251]",100,1021,83.93,1
72,yeniseysk,76,"[59.04075482156429, 92.19692767971537]",70,1003,42.52999999999997,4
73,ambilobe,0,"[-11.940413634493538, 49.978397523803125]",75,1006,67.72999999999996,4
74,aviles,20,"[45.17933606138712, -6.292060349629111]",81,1028,53.329999999999984,1
75,santa fe,88,"[8.97240972517723, -81.20327439833181]",100,1015,73.12999999999994,1
76,ancud,68,"[-42.41100015420381, -94.8716447543588]",94,1025,42.52999999999997,2
77,dasoguz,0,"[39.84233056701132, 59.311964855862385]",67,1018,60.53000000000003,3
78,albany,48,"[-66.4974004848351, 119.03426401685402]",78,1024,58.72999999999996,5
79,kapit,32,"[0.8700298852961481, 114.68238493108089]",82,1000,82.12999999999994,0
80,oistins,40,"[12.762757770218613, -58.762848056505376]",78,1013,80.32999999999998,5
81,kissidougou,88,"[9.299896930431714, -10.277664316691784]",99,962,69.53000000000003,1
82,ulladulla,0,"[-39.860303857539506, 156.02465843504217]",49,1025,71.32999999999998,3
83,padang,92,"[-9.771944125802762, 87.32183423724297]",100,1019,78.53000000000003,3
84,chuy,0,"[-64.05708541267828, -24.379021718339374]",92,1030,49.72999999999996,5
85,ugoofaaru,88,"[5.887056621309441, 66.25302782006847]",100,1023,80.32999999999998,9
86,batemans bay,88,"[-39.70589808192939, 154.07260529416152]",66,1014,65.93,1
87,jamestown,92,"[-10.448640307083991, -1.1444678320978312]",100,1029,65.93,8
88,nyurba,0,"[67.3426449977809, 118.19433105108658]",72,997,42.52999999999997,2
89,longyearbyen,75,"[80.50707314813104, 24.2324696763676]",68,1005,29.930000000000007,3
90,borgarnes,90,"[64.54415925509164, -21.32241003787854]",75,1005,40.72999999999996,15
91,qaanaaq,0,"[89.54363441741481, -70.06657305002018]",100,994,15.529999999999973,6
92,fallon,1,"[38.78618925371569, -118.72119633771827]",71,1014,51.52999999999997,2
93,hithadhoo,88,"[-4.421148640526312, 77.21656117082506]",100,1024,76.72999999999996,7
94,eureka,90,"[40.64385819116774, -140.16275373004527]",96,1009,58.72999999999996,1
95,basoko,68,"[1.1081060493720543, 23.895407936980348]",99,974,69.53000000000003,1
96,carnarvon,0,"[-26.775842023097013, 113.84019216127234]",79,1027,71.32999999999998,4
97,lalgudi,20,"[10.835717399525763, 78.82949142460626]",83,1010,82.12999999999994,1
98,pitelino,24,"[54.66690583559037, 41.63064261686216]",83,1018,33.52999999999997,4
99,flin flon,8,"[58.152851230415735, -100.94465074375684]",100,992,29.930000000000007,1
100,sabang,12,"[5.895153540506726, 91.66607018281104]",100,1016,83.93,2
101,strezhevoy,0,"[62.369966921544886, 78.50511142499482]",97,1011,33.52999999999997,3
102,havre,90,"[48.98582931054773, -110.34386332819307]",66,1011,53.329999999999984,1
103,atar,64,"[21.855331313706287, -14.803221683766111]",59,995,74.93,1
104,russellville,1,"[35.32167302435404, -93.01759593775165]",96,1020,71.32999999999998,0
105,constitucion,75,"[25.68830927958946, -113.26024683039107]",60,1024,67.72999999999996,2
106,inirida,8,"[3.924570151282893, -68.53434593192868]",88,1004,76.72999999999996,1
107,marsa matruh,20,"[28.907914336281976, 28.000754582670822]",73,1017,73.12999999999994,2
108,sillamae,92,"[59.189794388250505, 27.77009982259267]",100,1013,47.93000000000001,3
109,new norfolk,40,"[-76.37620867300734, 129.87269902044693]",55,1023,62.329999999999984,4
110,tiksi,64,"[79.48054594348375, 122.57549268501054]",100,995,28.129999999999995,3
111,campoverde,75,"[-8.185237074169422, -75.1009281952811]",78,1010,78.53000000000003,1
112,lavrentiya,92,"[78.23272564375947, -169.4513808012405]",93,1013,44.329999999999984,7
113,klaksvik,76,"[65.55146253322002, -5.367545385928651]",93,997,44.329999999999984,8
114,hammerfest,75,"[76.72929878033236, 22.014432083752354]",74,1004,35.329999999999984,5
115,husavik,75,"[73.65473770082531, -14.365550588551486]",100,999,31.72999999999996,1
116,ilulissat,75,"[75.32670534908092, -49.66658461434716]",80,1018,29.930000000000007,4
117,tongliao,0,"[43.43643373563623, 121.7037314982461]",63,1007,62.329999999999984,4
118,tuyen quang,8,"[22.30311228756844, 105.12658622546996]",74,1008,78.53000000000003,1
119,half moon bay,90,"[35.73849690089119, -126.73789860778268]",82,1009,65.93,1
120,jalu,0,"[24.338969379798158, 20.392382543365954]",46,1019,67.72999999999996,3
121,vanavara,68,"[59.64959345407422, 103.7343394308424]",65,973,44.329999999999984,2
122,artyshta,92,"[53.84480252181106, 86.35428969826557]",90,984,44.329999999999984,1
123,isangel,100,"[-22.713116342833487, 177.85860877852122]",100,1022,71.32999999999998,4
124,sola,80,"[-13.2864357069152, 169.64316295616476]",100,1017,78.53000000000003,4
125,faanui,64,"[-4.927955850070973, -159.89291849261897]",100,1027,76.72999999999996,6
126,maningrida,0,"[-13.361989907136248, 134.16567085415682]",65,1026,83.93,7
127,portland,0,"[-38.68203639772821, 140.96877632294104]",56,944,65.93,1
128,fortuna,90,"[31.972584245742382, -139.34917367439598]",100,1010,58.72999999999996,2
129,kiknur,36,"[57.248918492777335, 47.48421805413233]",91,1016,37.129999999999995,3
130,sao filipe,64,"[12.32888349201292, -27.889539115365636]",100,1014,76.72999999999996,5
131,kodiak,90,"[55.638868824521694, -151.36125083013525]",92,1019,58.72999999999996,3
132,bakel,24,"[14.122853074670473, -12.393234458347763]",79,1016,76.72999999999996,1
133,dingle,92,"[51.66824682686553, -20.66790055493348]",97,1033,55.12999999999994,8
134,nelson bay,0,"[-37.269893742255434, 160.07717922658094]",53,1025,71.32999999999998,5
135,banda aceh,76,"[2.5321107249833403, 89.9575596116822]",94,999,78.53000000000003,1
136,road town,1,"[19.236180015299624, -64.76500568629803]",81,1014,78.53000000000003,1
137,cadiz,0,"[35.7496476153393, -7.374504336645742]",100,1016,67.72999999999996,1
138,mazagao,40,"[0.20474055119011325, -51.48650568329367]",74,1012,83.93,6
139,los llanos de aridane,12,"[29.922654008887463, -19.98709171162153]",78,1017,71.32999999999998,3
140,sikar,8,"[27.504941442407485, 75.1339416066358]",56,978,82.12999999999994,1
141,sitka,0,"[51.9860318066095, -135.99572521964862]",51,956,74.93,6
142,lao cai,80,"[22.508525478235498, 103.52101309667069]",74,907,67.72999999999996,0
143,la ronge,75,"[62.553023940077026, -106.1227317852796]",74,1017,28.129999999999995,1
144,umm kaddadah,0,"[14.408608921620967, 28.22339867817027]",55,941,73.12999999999994,3
145,phangnga,40,"[8.924322583727275, 98.39073298653699]",74,1014,83.93,4
146,lalibela,8,"[12.025125521876518, 39.00635604525144]",85,770,37.129999999999995,0
147,pacific grove,1,"[30.71272265358361, -128.7001658448042]",56,1009,62.329999999999984,1
148,pombas,88,"[19.791134398232103, -23.446684692835106]",100,1024,76.72999999999996,5
149,cidreira,92,"[-48.34014377512792, -29.320942792939803]",100,1018,62.329999999999984,6
150,amuntai,12,"[-1.4602064979494571, 115.4271147001088]",72,1018,85.72999999999996,0
151,bethel,90,"[43.27343367424112, -173.30836371002354]",82,1002,49.72999999999996,5
152,lebu,92,"[-37.65467651768661, -86.53306137812153]",100,1034,49.72999999999996,5
153,salinopolis,92,"[0.9906057207289649, -45.945613529480454]",96,1025,80.32999999999998,7
154,sibolga,44,"[0.09955584356458758, 96.18807695279202]",91,944,74.93,0
155,caetite,0,"[-14.078760168151945, -42.43316655093682]",58,933,69.53000000000003,5
156,mana,8,"[7.13829555347273, -53.9215984785088]",79,1019,78.53000000000003,1
157,kalmunai,88,"[7.113903715750155, 82.05556198973522]",97,1007,76.72999999999996,1
158,tahoua,0,"[15.299921408846274, 5.101094543566376]",90,973,69.53000000000003,1
159,upernavik,92,"[74.97871831236739, -59.44277515048269]",97,1021,35.329999999999984,14
160,karangampel,8,"[-6.3116091477803735, 108.59580699310254]",95,1018,83.93,2
161,iqaluit,90,"[60.27237313281, -76.69259211451404]",74,1014,28.129999999999995,1
162,pevek,92,"[67.68843280230942, 169.81856047445774]",95,1002,42.52999999999997,0
163,calatayud,0,"[40.78829746115068, -1.9492839436927056]",70,1020,55.12999999999994,4
164,grindavik,75,"[60.41193871688404, -25.61520803143827]",75,1006,40.72999999999996,14
165,castro,88,"[-46.61605728582326, -99.4264592138988]",98,1017,42.52999999999997,2
166,hasaki,20,"[26.036204334500084, 154.96012019316265]",41,1012,76.72999999999996,2
167,coquimbo,0,"[-29.33279758111383, -82.21242474452377]",81,1016,51.52999999999997,3
168,guerrero negro,92,"[26.226855572759106, -114.49308354177217]",96,1011,71.32999999999998,8
169,sao bento do sul,40,"[-26.44637945242807, -49.32106935293277]",83,1012,74.93,1
170,maragogi,76,"[-16.514744416275292, -25.54338748647902]",84,1020,73.12999999999994,2
171,honiara,20,"[-14.62305365299514, 157.95083218727706]",70,1009,87.53000000000003,2
172,sorland,92,"[68.87795642222446, 8.282426222580654]",100,1010,46.129999999999995,1
173,bathsheba,40,"[14.270034816352464, -55.08133726778024]",78,1013,80.32999999999998,5
174,la sarre,88,"[49.442223589366336, -79.14127056082395]",91,1004,37.129999999999995,3
175,anadyr,90,"[65.3791842142862, 175.7354904206298]",100,993,44.329999999999984,5
176,buala,32,"[-1.9059713779229241, 161.4037279566901]",85,1012,83.93,1
177,sisimiut,92,"[68.07607681867265, -58.99676264473396]",99,995,29.930000000000007,3
178,shache,0,"[37.838726037560875, 75.9102173124374]",45,894,53.329999999999984,2
179,ndjole,92,"[-0.025144768540712903, 10.515777953892552]",100,998,69.53000000000003,1
180,roald,92,"[67.88414717326037, 3.0517943681794293]",87,1000,38.93000000000001,3
181,talnakh,12,"[69.77484850827278, 93.86213833368168]",100,990,31.72999999999996,3
182,palmer,1,"[57.587610891163735, -145.36080786464976]",74,1016,49.72999999999996,0
183,esperance,36,"[-28.397766870186636, 124.34289179460234]",91,1022,58.72999999999996,5
184,petropavlovsk-kamchatskiy,0,"[51.21027212239227, 161.8619306193218]",37,981,55.12999999999994,8
185,mount gambier,64,"[-55.5436699783735, 129.62783908412615]",53,1021,73.12999999999994,4
186,nikolskoye,0,"[48.60735182860432, 174.8480311956207]",81,1005,44.329999999999984,5
187,jiazi,0,"[20.16052854491771, 117.30753652677771]",66,1015,83.93,6
188,zeya,64,"[55.147443321334805, 127.01001148937644]",50,951,47.93000000000001,3
189,bartica,0,"[6.117993327201518, -59.54988684570934]",88,1011,78.53000000000003,3
190,parati,0,"[-24.549944836549088, -44.020874898464854]",88,1013,73.12999999999994,2
191,saskylakh,92,"[89.5699897322742, 121.27530074504153]",99,1002,29.930000000000007,2
192,chattanooga,40,"[35.090956271738136, -85.72230990155496]",84,1024,69.53000000000003,1
193,opuwo,8,"[-17.92332082483439, 11.440775058129475]",30,885,67.72999999999996,4
194,ahuimanu,1,"[22.477146772016596, -157.56041303283573]",79,1013,82.12999999999994,3
195,athabasca,76,"[56.2438620423581, -111.98485909072961]",62,954,29.930000000000007,2
196,zyryanka,88,"[67.43538068879579, 149.38732837852405]",80,993,33.52999999999997,2
197,puerto escondido,20,"[12.319722300751664, -98.6990717597417]",100,1024,85.72999999999996,4
198,carutapera,76,"[7.098582077607105, -42.36744811972858]",82,1025,78.53000000000003,5
199,hamilton,75,"[32.22804481816485, -68.90597446410885]",78,1016,76.72999999999996,8
200,saint-pierre,0,"[43.45004295647732, -54.32973487003615]",100,1038,49.72999999999996,8
201,ponnani,75,"[10.51795644776486, 75.22812442008546]",83,1010,78.53000000000003,1
202,victoria,40,"[-3.2703475987382546, 62.998184644263006]",74,1012,78.53000000000003,3
203,akonolinga,92,"[3.6119286060724676, 12.278134805144106]",92,959,69.53000000000003,1
204,macia,0,"[-24.937518260309332, 32.68358510738858]",64,1026,62.329999999999984,3
205,hami,0,"[38.349559964689234, 91.10150765921338]",40,952,60.53000000000003,3
206,kindu,88,"[-2.41156262842469, 26.32995521477909]",98,959,69.53000000000003,0
207,kavieng,48,"[-1.660319838342275, 150.2418145374894]",100,1020,83.93,2
208,saint george,75,"[31.970336370154826, -62.15036730611209]",78,1016,76.72999999999996,8
209,sosva,20,"[59.72602060242616, 61.40061867841965]",84,1017,42.52999999999997,3
210,ponta delgada,40,"[31.007566325424946, -26.757578077183183]",78,1020,71.32999999999998,6
211,redding,90,"[40.570709921790126, -123.24256636635388]",65,1009,67.72999999999996,1
212,kawalu,0,"[-11.507490632466684, 106.87821729600552]",66,928,78.53000000000003,1
213,capreol,90,"[46.980144431037985, -81.50384253057172]",75,1026,42.52999999999997,4
214,bahia honda,48,"[24.09443745881798, -83.39443201590726]",75,1018,80.32999999999998,3
215,freeport,90,"[27.858764443765324, -94.89085666224332]",100,1017,60.53000000000003,1
216,coihaique,75,"[-47.710815323931456, -79.34869034687239]",60,1011,38.93000000000001,2
217,deputatskiy,88,"[73.19005346419397, 142.53557066430648]",91,939,28.129999999999995,5
218,yar-sale,0,"[66.83773847923041, 70.59144909860834]",100,1016,31.72999999999996,3
219,tezu,20,"[27.492079991165497, 98.48154720557721]",72,882,69.53000000000003,0
220,dikson,56,"[72.8442215969068, 75.86050157235519]",100,1013,37.129999999999995,8
221,tafresh,0,"[34.71691793487311, 50.12993127864627]",76,831,40.72999999999996,0
222,lanxi,0,"[46.23033700861805, 126.47883053999874]",54,1008,71.32999999999998,1
223,krasnyy chikoy,8,"[48.848679849411326, 108.79805921506664]",56,906,55.12999999999994,1
224,tabou,92,"[0.7666032340228526, -5.865644519079325]",100,1023,76.72999999999996,4
225,cabra,20,"[13.841319368392206, 118.78507952814414]",100,1022,82.12999999999994,1
226,diego de almagro,0,"[-24.948345528806115, -68.16140086684766]",81,918,55.12999999999994,1
227,mao,20,"[14.876407858419654, 15.743606882120702]",69,983,74.93,2
228,tekirdag,75,"[40.77723815306172, 27.729358102326273]",100,1013,58.72999999999996,6
229,carinhanha,0,"[-13.974408570453491, -44.10195144988765]",42,969,78.53000000000003,6
230,lyambir,0,"[54.21357988962879, 45.04840275700283]",75,1011,31.72999999999996,3
231,vila franca do campo,40,"[39.452169393530625, -21.273841691474757]",78,1020,71.32999999999998,6
232,zhigansk,88,"[66.77460411478077, 124.22897061404109]",89,1006,35.329999999999984,1
233,richards bay,0,"[-28.71288918185899, 36.40006212489496]",75,1007,64.12999999999994,2
234,cabo san lucas,40,"[22.03422268746256, -111.7695042862694]",83,1014,80.32999999999998,3
235,fredericksburg,40,"[37.998788161968776, -77.24275555964205]",75,1020,74.93,2
236,kurchum,12,"[48.7338474893553, 84.2431097786914]",70,975,58.72999999999996,2
237,port blair,56,"[12.934218605065297, 87.39996331608575]",98,1024,83.93,1
238,whitefish,90,"[48.57907201517767, -114.5170509850958]",68,1011,51.52999999999997,0
239,bubaque,36,"[6.349250707763403, -20.27600994881334]",100,1023,78.53000000000003,3
240,corinto,92,"[11.337899780978162, -88.49751441960126]",78,1012,80.32999999999998,1
241,skibbereen,75,"[47.5125999355173, -9.93560732484542]",93,1025,58.72999999999996,6
242,bambanglipuro,0,"[-12.315805949562431, 110.19387204531336]",56,993,87.53000000000003,1
243,paamiut,44,"[62.046106834109935, -50.075661321021784]",97,1031,37.129999999999995,4
244,yeppoon,20,"[-17.482309484468686, 155.9322174209446]",36,1023,80.32999999999998,4
245,korla,0,"[41.47521223634479, 86.49965002335244]",39,900,58.72999999999996,2
246,lagoa,0,"[47.93120730595615, -32.30542679434947]",60,1016,71.32999999999998,1
247,sumbe,92,"[-11.028957170646308, 13.100749136581186]",100,1012,67.72999999999996,1
248,matay,0,"[28.967006876434368, 29.408362159210355]",60,1016,69.53000000000003,4
249,hirara,20,"[20.23962303798986, 128.64006590284282]",57,1015,80.32999999999998,6
250,prince rupert,1,"[54.47949997918087, -129.71742125525827]",32,1011,55.12999999999994,5
251,ust-koksa,92,"[50.5505059748823, 85.76446695895987]",61,842,47.93000000000001,1
252,zolotkovo,24,"[55.47388927137999, 40.86152742765009]",90,1015,33.52999999999997,4
253,san luis,90,"[28.89883812718294, -113.5577257255162]",87,1009,74.93,3
254,celestun,12,"[22.063799839226263, -91.0774169386061]",96,1027,83.93,7
255,palmerston,0,"[-12.508924436383253, 129.63832204107797]",31,1014,87.53000000000003,8
256,labuhan,12,"[-19.76012672412145, 94.83182573912785]",70,998,85.72999999999996,0
257,wattegama,68,"[5.7878697822009, 83.04592038547872]",96,972,74.93,1
258,puerto carreno,56,"[7.274676432974019, -66.09088902513302]",94,952,73.12999999999994,1
259,mbandaka,92,"[-0.5819077761058509, 17.48408219044623]",100,982,69.53000000000003,1
260,mentakab,8,"[3.684635613376585, 102.30064791686465]",80,1013,83.93,1
261,churachandpur,75,"[23.92671369283832, 93.39102035555135]",88,1016,73.12999999999994,1
262,smithers,90,"[57.18671917899664, -125.50377356121729]",51,1018,38.93000000000001,2
263,esso,24,"[55.73173402254943, 157.45126079629824]",69,876,31.72999999999996,1
264,rio gallegos,0,"[-49.859026685165816, -70.27809456449664]",74,999,37.129999999999995,8
265,roros,92,"[62.453673723625826, 11.393033883669517]",100,1001,26.329999999999984,1
266,hambantota,68,"[-5.926186362635917, 84.64283302680008]",100,1020,80.32999999999998,5
267,astana,40,"[50.42022472738668, 71.7287284266597]",93,1021,38.93000000000001,2
268,piney green,1,"[33.92535013777707, -76.90922600689093]",92,1025,67.72999999999996,2
269,port hardy,90,"[41.715873782746655, -141.1839371633517]",93,1009,51.52999999999997,2
270,flinders,0,"[-35.514575682366726, 131.04849612528585]",49,1025,71.32999999999998,3
271,sabha,88,"[26.487078161412157, 14.282282521631203]",34,974,73.12999999999994,1
272,kayankulam,12,"[9.009920270540945, 76.3151987462241]",100,1023,78.53000000000003,1
273,ranong,75,"[10.777147597753583, 95.90165862196875]",88,1011,80.32999999999998,2
274,yining,20,"[43.43616865428805, 81.72014151637603]",41,984,74.93,1
275,marrakesh,0,"[32.43912902779738, -7.24459659128766]",73,1016,69.53000000000003,1
276,maromitsa,80,"[59.9390733689489, 47.916974234538486]",90,1007,44.329999999999984,2
277,bolgatanga,44,"[10.520176453194466, -0.4001280482151799]",88,999,74.93,3
278,kigoma,44,"[-4.8737380719706636, 28.83661698626193]",91,924,78.53000000000003,3
279,chumikan,32,"[55.52484181360728, 134.56150772039877]",62,997,51.52999999999997,2
280,limoges,0,"[46.302534580031164, 1.3305499306628974]",70,1026,42.52999999999997,3
281,kahului,20,"[32.03995450244682, -151.04521056373596]",63,1013,82.12999999999994,7
282,necochea,0,"[-45.58702236184069, -56.9389742029979]",71,1025,37.129999999999995,3
283,eirunepe,20,"[-6.8780070153869275, -69.40140386117753]",91,1006,76.72999999999996,0
284,meulaboh,88,"[0.4414461232935025, 94.69922643791074]",100,1022,78.53000000000003,1
285,caravelas,92,"[-20.66691446793149, -32.12255427462168]",100,1030,76.72999999999996,7
286,vanimo,0,"[-1.9190946028881513, 140.63265624832877]",100,1021,83.93,6
287,thompson,75,"[63.745444542220866, -100.87522382946602]",83,1016,31.72999999999996,3
288,narsaq,32,"[74.93209847243062, -64.55758878552416]",40,1022,33.52999999999997,7
289,riyadh,0,"[23.433521493295757, 44.35188471981783]",37,1016,74.93,2
290,saint-philippe,75,"[-51.6274826749989, 64.75071258542195]",77,1020,64.12999999999994,2
291,praya,20,"[-14.218769117954622, 116.11945883013203]",55,1013,87.53000000000003,3
292,bambous virieux,75,"[-32.5935906634498, 76.65820402296714]",78,1020,71.32999999999998,5
293,makokou,92,"[0.17379147035605058, 13.140536423805486]",100,979,67.72999999999996,1
294,kaitangata,32,"[-56.79329672499453, 172.489636675846]",79,1015,47.93000000000001,6
295,dukat,88,"[64.32342321776787, 154.73630160848336]",92,899,28.129999999999995,1
296,margate,64,"[-35.89482448196384, 37.39261206231163]",92,1010,67.72999999999996,2
297,saldanha,88,"[-44.771589352540445, -6.826858957577258]",87,1021,53.329999999999984,3
298,bitung,20,"[3.2744559848980117, 126.06665666996025]",52,1010,91.12999999999994,2
299,merauke,88,"[-7.905978124702926, 136.78733392481712]",94,1024,76.72999999999996,6
300,barinas,24,"[8.450682186601668, -69.79869028297057]",84,1007,76.72999999999996,1
301,kruisfontein,0,"[-59.35448994233943, 25.55640857080803]",92,1020,58.72999999999996,6
302,abu dhabi,48,"[23.827820158666043, 54.602207598109885]",83,1010,80.32999999999998,2
303,boralday,75,"[44.03705564048644, 76.1859200605561]",48,1021,60.53000000000003,2
304,traverse city,90,"[44.79193649541102, -85.93269225365037]",89,1020,47.93000000000001,3
305,kuandian,0,"[39.5956850780359, 126.18943520468463]",69,985,58.72999999999996,1
306,saint-francois,20,"[16.639253578830605, -59.51450028920283]",88,1013,78.53000000000003,1
307,coolum beach,0,"[-25.421737826822508, 157.41636891861168]",67,1026,71.32999999999998,4
308,eyl,92,"[5.432707544373969, 54.57310350138914]",99,1015,73.12999999999994,3
309,mount isa,32,"[-21.04950521940809, 137.8144884987434]",22,1018,89.32999999999998,7
310,garissa,76,"[-1.2276147642448194, 39.43279594268017]",91,1005,69.53000000000003,3
311,issoire,0,"[45.409723167049975, 3.3407192814951543]",65,1025,46.129999999999995,0
312,egvekinot,88,"[64.703500640892, -177.7560474619564]",100,959,46.129999999999995,2
313,sao joao da barra,68,"[-24.466138446697116, -36.56683169427052]",96,1028,74.93,12
314,stokmarknes,75,"[71.9874701605901, 13.53106523414911]",70,1001,42.52999999999997,2
315,canavieiras,92,"[-15.628883544067534, -38.76245193553666]",82,1027,74.93,2
316,lakes entrance,8,"[-40.01322540367385, 149.83860757116463]",64,1029,65.93,2
317,clinton,1,"[35.23001906674938, -98.89268583881272]",94,1021,74.93,1
318,fare,64,"[-12.561783707827914, -149.45250002788976]",100,1026,74.93,4
319,arawa,32,"[-4.524482038526216, 155.29909770861696]",100,1002,80.32999999999998,2
320,fairbanks,1,"[70.94545620220111, -146.26786657002907]",6,1013,64.12999999999994,4
321,jacksonville,75,"[31.903541324870673, -95.4484048757952]",87,1022,76.72999999999996,3
322,praia da vitoria,40,"[48.02010109131351, -22.83291077710612]",83,1021,71.32999999999998,8
323,moissala,12,"[8.441269080035354, 17.37967609342124]",95,981,69.53000000000003,4
324,plettenberg bay,0,"[-42.004169560128, 23.46264479287737]",100,1024,58.72999999999996,7
325,chapais,90,"[55.68606980392292, -74.0216277646917]",83,1029,31.72999999999996,2
326,jumla,0,"[32.8491978447466, 84.77624694454607]",91,685,40.72999999999996,0
327,san joaquin,32,"[-19.523095663916465, -59.26316142999296]",83,1003,76.72999999999996,2
328,kamaishi,20,"[37.285356898409816, 147.4546995490735]",56,1010,69.53000000000003,4
329,pucallpa,75,"[-9.465521011643801, -73.73868052072339]",78,1010,78.53000000000003,1
330,glomfjord,75,"[66.90040006330932, 13.95171000905819]",86,1002,40.72999999999996,5
331,newport,90,"[44.42764524224364, -123.69078209072963]",96,1026,56.93000000000001,3
332,kutum,24,"[18.384305287761663, 25.92639565335557]",35,896,69.53000000000003,3
333,leshukonskoye,76,"[68.09044642585118, 47.09524584604745]",91,1010,42.52999999999997,3
334,batavia,90,"[43.05545254451857, -78.14885978364721]",96,1023,51.52999999999997,3
335,taungdwingyi,44,"[20.343710136902075, 95.49996925644018]",91,1006,80.32999999999998,3
336,lorengau,36,"[0.4744998742015838, 144.85919261461618]",100,1020,83.93,3
337,lushnje,20,"[40.927570536343126, 19.657464188928202]",82,1012,56.93000000000001,2
338,zanjan,8,"[36.91623747914075, 48.57212067760116]",100,828,40.72999999999996,1
339,westport,92,"[54.240930125215016, -9.654075394627029]",99,1027,53.329999999999984,7
340,itarema,0,"[6.927865645913869, -38.52584603119425]",82,1020,74.93,6
341,damaturu,24,"[11.40541295472677, 12.427896384247788]",77,975,74.93,4
342,gamba,92,"[-8.797558692904758, 2.048180921399279]",100,1024,74.93,3
343,tocopilla,32,"[-21.649897223767923, -72.52440796253833]",100,944,55.12999999999994,0
344,srednekolymsk,48,"[69.0032872533063, 157.18569011979127]",69,993,35.329999999999984,3
345,jijiang,0,"[28.96362592214912, 106.43216437487393]",38,1021,76.72999999999996,1
346,nuuk,0,"[62.58600832324123, -51.343395844914596]",80,1020,33.52999999999997,5
347,norman wells,75,"[73.9682108016045, -122.1478109514337]",97,1030,31.72999999999996,4
348,naze,40,"[24.081249281201153, 138.00723432231916]",47,1015,80.32999999999998,6
349,biak,20,"[3.0196528288931006, 137.30865093074874]",80,1008,82.12999999999994,2
350,rudnichnyy,8,"[60.54170081753742, 52.94013542588348]",79,999,40.72999999999996,3
351,balabac,20,"[7.504735680755289, 116.61953218813966]",100,1022,82.12999999999994,2
352,isla mujeres,75,"[22.460728825735885, -86.21665537285874]",88,1015,74.93,2
353,den helder,90,"[53.08012791944739, 3.9945692031359386]",81,1016,51.52999999999997,5
354,jiwani,32,"[25.59302455374808, 61.47711908667759]",97,1022,76.72999999999996,1
355,sale,32,"[-38.152636309809324, 146.89345739433804]",68,1031,64.12999999999994,1
356,albanel,75,"[51.888084681720585, -72.54693426696595]",86,1030,33.52999999999997,1
357,gaoua,64,"[10.218999753736469, -3.3840313403835864]",99,991,69.53000000000003,2
358,svetlogorsk,0,"[67.80704023771816, 93.26041114885783]",74,1025,33.52999999999997,1
359,san jose,88,"[8.610642779816544, -92.23870958470411]",99,1005,71.32999999999998,1
360,miri,75,"[4.670631971095588, 114.02834737838549]",66,1010,87.53000000000003,2
361,san patricio,75,"[13.472911156639285, -108.64466327006392]",83,1012,83.93,0
362,alice springs,0,"[-25.93429404584876, 135.18193565719162]",11,1017,89.32999999999998,2
363,seoul,20,"[37.44180945880015, 128.9028201406394]",45,1018,64.12999999999994,3
364,mandalgovi,0,"[43.35529418590917, 108.51587201900765]",63,877,51.52999999999997,3
365,erzin,0,"[46.88366389540434, 94.7222737880283]",37,858,53.329999999999984,1
366,bocas del toro,80,"[9.430887319949505, -82.18686879633904]",100,1024,80.32999999999998,4
367,vegueta,0,"[-11.06266005597439, -77.96593516498159]",77,837,53.329999999999984,0
368,okhotsk,0,"[59.4936289905269, 145.55630106157327]",83,995,44.329999999999984,1
369,takayama,75,"[36.01436024238134, 137.45282608059455]",72,1015,67.72999999999996,2
370,sobolevo,36,"[56.3327809870469, 153.07904543128035]",88,1000,37.129999999999995,5
371,antalaha,92,"[-14.764321162292305, 55.47355572988906]",98,1018,67.72999999999996,4
372,onega,80,"[62.808399295753446, 38.333952415848756]",99,1013,47.93000000000001,4
373,weligama,68,"[1.1581013473356023, 78.67858346939306]",98,1016,78.53000000000003,5
374,gombong,0,"[-9.986742908356206, 108.78518289507997]",55,981,85.72999999999996,1
375,gondanglegi,12,"[-13.865482189656689, 111.992772368043]",60,981,85.72999999999996,0
376,muzhi,76,"[65.61044575887976, 63.55160327895118]",97,1011,26.329999999999984,3
377,harper,80,"[1.1166624991168987, -9.33422097405034]",100,1023,78.53000000000003,5
378,cascais,0,"[37.555542949370846, -10.46868185046489]",37,1018,64.12999999999994,3
379,araci,12,"[-11.214350454284983, -39.151340209727806]",89,994,67.72999999999996,3
380,ahipara,80,"[-32.516079864094586, 169.7975245499132]",90,1024,56.93000000000001,2
381,santa rosalia,5,"[27.7389258652327, -111.94104061372336]",52,1010,89.32999999999998,5
382,namibe,56,"[-16.443397297090655, 5.042648932848124]",100,1020,65.93,2
383,diapaga,44,"[12.534811707822456, 2.15804308433286]",89,989,71.32999999999998,1
384,mamallapuram,40,"[12.176446618602853, 82.16943892473671]",83,1011,83.93,1
385,karsiyang,20,"[26.8688052001486, 88.40408349662721]",94,893,67.72999999999996,0
386,gazojak,44,"[41.20451051395901, 61.79836286872364]",43,1021,64.12999999999994,3
387,mogadishu,76,"[-0.2957124038547079, 47.566096679440705]",100,1027,76.72999999999996,5
388,baykit,32,"[63.33354622371087, 93.86116520262647]",85,951,38.93000000000001,6
389,west wendover,75,"[40.851170583607285, -114.78540314653786]",24,1014,69.53000000000003,2
390,lompoc,1,"[25.553253383286915, -131.07031123504066]",83,1009,62.329999999999984,3
391,nemuro,75,"[35.76849208499918, 150.43999503715617]",93,1001,55.12999999999994,6
392,pryazha,100,"[61.769997083615806, 33.85673879602729]",100,1006,44.329999999999984,1
393,port macquarie,0,"[-34.587885239621414, 157.16094000028858]",46,1026,71.32999999999998,3
394,gebze,75,"[40.92206547273696, 29.54546973757067]",88,1013,60.53000000000003,7
395,gravdal,92,"[73.19728285511522, 10.590079243853523]",87,1003,42.52999999999997,6
396,elko,40,"[39.50562649540811, -116.50362082063822]",4,1014,71.32999999999998,0
397,helong,0,"[42.69233855295249, 128.89545061356745]",53,973,73.12999999999994,1
398,nisia floresta,20,"[-3.6945148578883646, -27.24004282901865]",69,1015,76.72999999999996,3
399,port hedland,0,"[-17.07663714673187, 118.62039811257785]",27,1014,89.32999999999998,4
400,mabaruma,0,"[7.097859145987243, -60.2651420054721]",90,1023,78.53000000000003,3
401,laksar,0,"[29.60517685774171, 77.95333156540704]",79,976,71.32999999999998,1
402,hervey bay,0,"[-23.098461817027143, 157.9045485821905]",82,1035,71.32999999999998,7
403,cap-aux-meules,20,"[47.99146064301186, -60.90684914224812]",70,1028,47.93000000000001,4
404,tura,92,"[63.092447656040974, 99.37626430316641]",100,958,35.329999999999984,2
405,makakilo city,1,"[8.134980875663587, -163.84900317558137]",67,1014,82.12999999999994,3
406,adre,36,"[12.852210557174061, 22.744542036651808]",53,930,74.93,4
407,piacabucu,92,"[-12.608124010432192, -34.55267714026584]",82,1018,73.12999999999994,3
408,keflavik,75,"[64.35199859681072, -22.946121548560825]",75,1006,40.72999999999996,14
409,terra santa,0,"[-1.709051559866765, -56.304471154646166]",54,1016,83.93,2
410,podhum,92,"[43.6797573909862, 17.03888908157606]",77,1008,64.12999999999994,2
411,tyumentsevo,92,"[53.3940297952733, 81.32254403404818]",80,1010,44.329999999999984,2
412,campbell river,90,"[51.98792834850636, -124.70854534183917]",93,1008,51.52999999999997,0
413,krasnozerskoye,76,"[54.12455676687111, 78.9912085445456]",84,1015,40.72999999999996,3
414,cairns,20,"[-15.511421355479882, 146.09221225781965]",44,1019,80.32999999999998,12
415,prudentopolis,24,"[-25.319831304047398, -51.03602455619077]",90,930,62.329999999999984,1
416,saint-augustin,75,"[55.559026199428274, -59.8409723613652]",93,1028,46.129999999999995,1
417,sao miguel do araguaia,24,"[-12.948989053751433, -53.158528121676]",83,990,76.72999999999996,1
418,kalispell,90,"[48.161399528059945, -113.8638797989145]",68,1011,51.52999999999997,1
419,willowmore,12,"[-33.114856833420724, 22.94910078956144]",91,924,40.72999999999996,1
420,ulaanbaatar,0,"[48.19025442738808, 106.30693352877057]",56,1022,42.52999999999997,1
421,high level,90,"[58.90131109718425, -117.97552790872282]",59,1024,31.72999999999996,2
422,santo antonio do sudoeste,24,"[-26.052242528032465, -53.988882688116334]",88,985,69.53000000000003,1
423,newala,56,"[-11.65634246358023, 39.57492091826751]",96,986,64.12999999999994,1
424,price,75,"[39.07909862911049, -110.61949448329138]",64,1020,62.329999999999984,3
425,tshela,76,"[-5.243986076749948, 13.029883192663988]",89,978,69.53000000000003,1
426,boca do acre,8,"[-8.749110933709574, -66.7110997172428]",88,1004,76.72999999999996,0
427,ovalle,0,"[-31.051202590115807, -72.73683109228531]",83,986,47.93000000000001,1
428,kununurra,0,"[-16.899532484832108, 126.42285994514742]",30,1014,92.93,4
429,manacapuru,0,"[-2.864657027466535, -60.72687827213885]",48,1017,82.12999999999994,3
430,parabel,8,"[58.61402498111164, 81.14783154806207]",71,1019,40.72999999999996,3
431,haines junction,0,"[59.875280545573446, -138.80053759693004]",52,911,31.72999999999996,1
432,coahuayana,44,"[11.439747845839278, -106.46694132616577]",79,902,69.53000000000003,0
433,dunedin,92,"[-52.60636260003439, 178.94924545373675]",100,991,44.329999999999984,5
434,nome,1,"[64.55606398511705, -165.06571929476203]",100,1020,73.12999999999994,1
435,nampula,75,"[-15.169298852035354, 39.52279881929147]",94,1018,69.53000000000003,4
436,olinda,75,"[-10.632051882284614, -27.305180652371774]",88,1012,74.93,2
437,otane,0,"[-40.75480617442234, 177.47297854924346]",48,971,60.53000000000003,5
438,ca mau,8,"[8.631758758607234, 104.1656477079245]",93,1024,83.93,2
439,khiv,0,"[41.76743040720467, 47.79904126358707]",84,948,46.129999999999995,1
440,kolondieba,48,"[11.007673638887383, -6.454216495040782]",95,986,69.53000000000003,2
441,palana,92,"[59.452533523449745, 158.98753817868334]",98,964,37.129999999999995,1
442,sistranda,75,"[64.98882365458033, 8.69846973580303]",86,1002,40.72999999999996,2
443,nadvoitsy,88,"[64.49351736575403, 34.050913938055885]",100,1004,42.52999999999997,2
444,sur,0,"[20.358419257101048, 63.78478670017324]",88,993,83.93,2
445,cassilandia,24,"[-18.67620185446755, -51.665388072756315]",81,962,69.53000000000003,1
446,nesna,92,"[66.55554808981799, 13.245236908696938]",95,977,37.129999999999995,1
447,wawina,36,"[15.473362983679095, -84.55341953639791]",85,1018,76.72999999999996,1
448,tsogni,92,"[-3.0945389488546766, 10.027273197697724]",100,1024,74.93,3
449,quirinopolis,8,"[-18.660032034894286, -50.765887641843136]",86,967,67.72999999999996,1
450,seminole,1,"[27.406415610288164, -84.07910516271372]",60,1021,71.32999999999998,3
451,krasnogvardeyskoye,12,"[50.75300016087439, 38.49565312652848]",56,1012,64.12999999999994,5
452,sangar,0,"[64.42548040299707, 126.361902492382]",58,983,35.329999999999984,3
453,seymchan,56,"[62.830661691164295, 153.36037233137648]",96,955,29.930000000000007,1
454,podgornoye,48,"[57.84407972062337, 82.28057962192662]",59,1015,42.52999999999997,2
455,hare bay,20,"[49.05643843041554, -53.86762009760308]",75,1022,40.72999999999996,5
456,trebur,20,"[49.93211061604245, 8.470234735857076]",86,1022,40.72999999999996,3
457,salgado,40,"[-11.101048503062685, -37.48399127186724]",69,1016,76.72999999999996,3
458,hay river,75,"[62.47145806398447, -116.99331376961047]",50,1023,33.52999999999997,8
459,mizan teferi,88,"[5.744579378798818, 34.934305429972085]",96,870,60.53000000000003,1
460,kjollefjord,80,"[71.59703175514585, 27.135479385758003]",85,996,35.329999999999984,6
461,verkhoyansk,0,"[67.29161037060751, 133.5637012796388]",76,969,24.529999999999973,1
462,tilichiki,92,"[59.58306877930727, 170.76071512250167]",96,979,42.52999999999997,6
463,atherton,20,"[-18.45194459665646, 143.37591706309757]",44,1019,80.32999999999998,12
464,okha,92,"[56.34060522594646, 145.3921762019042]",66,1006,47.93000000000001,7
465,aksarka,20,"[68.6981481078628, 68.00069091035601]",91,1013,26.329999999999984,4
466,marsaxlokk,75,"[34.820148021634566, 16.66706049136451]",82,1012,67.72999999999996,4
467,boulsa,48,"[12.470552891349996, -0.3914683602033904]",94,988,69.53000000000003,1
468,pingliang,0,"[36.105568242505754, 107.2765001496457]",38,864,58.72999999999996,1
469,yulara,68,"[-26.934823295190697, 128.03367688023536]",21,1018,83.93,6
470,san pedro,40,"[9.367818089383988, -74.97195492129478]",73,1014,73.12999999999994,7
471,pangobilian,76,"[8.10205816703565, 118.56027197256418]",94,1008,82.12999999999994,2
472,samarai,92,"[-11.530516134951768, 152.60496853909308]",100,1021,74.93,6
473,shyryayeve,8,"[47.58945496842958, 30.11086378939146]",94,1010,44.329999999999984,1
474,la verne,40,"[34.29709697785067, -117.73059473296044]",36,1009,80.32999999999998,4
475,lewistown,1,"[47.591016708937275, -107.90231674683962]",82,1017,73.12999999999994,3
476,saint-leu,75,"[-21.914153779962206, 54.452599705055775]",77,1020,64.12999999999994,2
477,dolores,0,"[-36.895243922887126, -55.83884304016094]",67,1032,40.72999999999996,1
478,general cepeda,40,"[25.243402155633802, -101.39704656419626]",63,1025,65.93,4
479,akom,92,"[2.627334724876519, 10.683398469089752]",95,954,67.72999999999996,1
480,shitanjing,0,"[41.25015680537663, 104.22405008650986]",24,859,56.93000000000001,1
481,dudinka,56,"[73.05923364419726, 86.11776761847898]",100,1005,33.52999999999997,6
482,rafai,92,"[4.3860383909791665, 24.290626255515633]",99,959,69.53000000000003,1
483,wanlaweyn,12,"[2.330390468237141, 44.128110399663484]",95,1017,69.53000000000003,1
484,zhezkazgan,0,"[47.09367663372956, 69.29142778049516]",61,1021,49.72999999999996,3
485,pierre,1,"[45.262902842621855, -101.18446418707782]",82,1018,49.72999999999996,4
486,khasan,0,"[40.3505603831633, 130.22442736635765]",95,1017,60.53000000000003,4
487,kenora,75,"[53.04566979337167, -94.25005836224206]",81,1019,44.329999999999984,4
488,morondava,0,"[-21.026184235248934, 44.52431834620904]",98,1023,67.72999999999996,1
489,paita,20,"[-7.858446395475482, -86.93831912005298]",86,1011,65.93,2
490,burlington,1,"[41.06696261210928, -91.0864062742799]",93,1025,65.93,1
491,podosinovets,76,"[59.994567789372354, 47.14961001706931]",88,1009,44.329999999999984,3
492,hobyo,68,"[2.598845899061672, 49.40868918463434]",94,1017,73.12999999999994,5
493,trinidad,1,"[37.67007747503389, -104.51092818405023]",48,1021,67.72999999999996,3
494,kamskiye polyany,0,"[55.56175613583238, 51.54369352751692]",86,1023,37.129999999999995,5
495,ylivieska,92,"[63.16448513395383, 24.389806516392696]",99,1005,33.52999999999997,1
496,steinbach,90,"[48.927634536404696, -96.85324381699448]",57,1017,49.72999999999996,4
497,mikhaylovka,75,"[44.33831222402276, 72.04854280343542]",93,1020,37.129999999999995,3
498,shimoda,40,"[26.138734605556962, 141.0722424509633]",64,1012,73.12999999999994,2
499,alexandria,0,"[33.567190918573715, 29.196418901745005]",100,1029,71.32999999999998,2
